{
  "lines": 74.19354838709677,
  "statements": 75.15400410677618,
  "functions": 74.19354838709677,
  "branches": 69.6078431372549
}
